vaultId,content
6,goldgoldgoldgoldsilversilversilversilversilversilversilversilvereuroeuro
3,euroeuroeuroeuroeuroeuroeuro
10,goldgoldgoldgoldgoldgoldgoldgoldsilversilversilvereuroeuroeuroeuroeuro
7,goldgoldgoldgoldgoldgoldgoldsilversilversilvereuroeuroeuroeuroeuro
7,goldgoldgoldgoldgoldgoldgoldgoldsilversilversilversilversilvereuroeuroeuroeuroeuro
1,goldgoldgoldgoldgoldgoldgoldgoldsilversilversilversilversilversilversilvereuroeuroeuroeuroeuroeuroeuro
8,goldgoldgoldgoldgoldgoldgoldgoldgoldsilversilversilversilversilversilversilversilversilvereuroeuroeuroeuroeuroeuro
2,silversilversilversilversilversilversilversilvereuroeuroeuroeuroeuroeuroeuroeuroeuro
1,goldgoldgoldgoldgoldeuroeuroeuro
8,goldgoldgoldgoldgoldgoldsilversilversilversilvereuroeuroeuroeuro
8,goldgoldgoldgoldgoldgoldeuroeuroeuroeuroeuroeuroeuroeuro
4,goldgold
8,goldgoldgoldgoldgoldsilversilversilversilversilversilversilversilvereuro
3,goldgoldgoldgoldgoldgoldgoldeuro
2,goldgoldsilvereuro
2,goldgoldsilversilversilversilversilversilversilversilvereuroeuroeuro
2,goldgoldgoldgoldgoldgoldgoldgoldeuro
7,goldgoldgoldeuroeuroeuroeuroeuroeuroeuro
5,goldgoldsilvereuroeuroeuroeuroeuroeuroeuroeuroeuro
2,goldgoldgoldgoldgoldgoldgoldgoldgoldsilversilversilversilversilversilversilversilvereuroeuroeuro
8,goldgoldgoldsilversilversilversilversilversilversilversilvereuroeuroeuro
9,goldgoldgoldsilversilversilversilversilvereuroeuroeuroeuroeuroeuroeuroeuroeuro
1,goldgoldsilversilversilversilversilversilversilversilversilvereuroeuro
7,goldgoldgoldgoldsilversilversilvereuroeuroeuroeuroeuroeuroeuroeuroeuro
3,goldgoldgoldsilversilversilversilversilversilversilversilversilver
9,silvereuroeuro
9,goldsilversilversilversilversilversilversilversilversilvereuroeuro
7,goldgoldgoldgoldgoldgoldsilversilversilversilversilversilvereuroeuroeuroeuroeuroeuroeuroeuro
9,goldgoldgoldgoldsilversilversilversilvereuroeuroeuroeuroeuroeuro
2,goldgoldsilversilversilversilversilvereuroeuroeuroeuro
1,goldeuroeuroeuro
3,goldgoldgoldgoldgoldgoldgoldgoldsilversilversilversilvereuroeuroeuroeuroeuroeuroeuro
3,goldgoldgoldgoldgoldgoldgoldgoldgoldsilversilversilversilversilvereuroeuroeuroeuroeuroeuroeuroeuro
2,goldgoldgoldgoldgoldgoldgoldsilvereuroeuroeuroeuroeuroeuroeuroeuroeuro
1,goldsilvereuroeuroeuroeuroeuroeuroeuro
2,goldgoldgoldgoldgoldgoldgoldgoldsilversilversilversilversilvereuroeuroeuroeuroeuroeuroeuroeuro
3,goldgoldgoldsilversilversilvereuroeuroeuroeuroeuroeuroeuroeuroeuro
8,goldgoldgoldgoldgoldgoldgoldsilversilversilversilversilver
9,goldgoldgoldgoldgoldsilversilversilversilvereuroeuroeuroeuroeuroeuroeuroeuroeuro
1,goldgoldgoldgoldgoldsilversilvereuroeuro
2,goldgoldgoldgoldgoldgoldgoldgoldsilversilversilversilvereuroeuroeuroeuro
10,goldgoldsilversilversilversilversilvereuroeuroeuroeuroeuroeuroeuro
3,goldgoldgoldgoldgoldsilversilversilversilvereuroeuroeuroeuroeuro
10,goldsilversilversilversilversilversilversilversilvereuroeuroeuroeuroeuroeuroeuroeuro
7,goldgoldgoldgoldgoldsilversilversilversilversilvereuroeuro
3,goldgoldgoldgoldgoldgoldgoldgoldsilversilversilversilversilversilversilversilversilvereuro
3,goldgoldgoldgoldgoldgold
4,goldgoldgoldeuroeuro
6,goldgoldgoldgoldgoldgoldeuro
9,goldgoldgoldgoldgoldgoldgoldsilversilversilversilvereuroeuro
3,goldgoldgoldgoldgoldgoldgoldgoldsilversilversilvereuro
3,goldgoldgoldgoldsilversilversilversilversilversilversilversilvereuroeuroeuroeuroeuroeuro
6,goldgoldgoldgoldsilversilversilvereuroeuroeuro
4,goldgoldgoldsilversilversilversilversilvereuroeuroeuroeuroeuro
2,silversilversilversilversilversilversilvereuroeuroeuroeuro
9,goldgoldgoldgoldgoldgoldgoldgoldsilversilversilversilversilversilversilvereuroeuroeuroeuroeuroeuro
4,goldgoldgoldgoldgoldgoldsilversilversilversilversilversilversilversilvereuroeuroeuroeuroeuroeuroeuro
5,goldgoldgoldgoldgoldsilversilversilvereuro
10,goldsilversilversilversilversilversilvereuroeuroeuroeuroeuroeuroeuroeuroeuro
4,goldgoldgoldgoldgoldgoldgoldgoldgoldsilversilversilversilversilversilvereuroeuroeuroeuroeuroeuroeuro
10,goldgoldgoldsilversilversilversilversilversilversilversilversilvereuroeuroeuroeuroeuroeuro
3,goldgoldgoldgoldgoldgoldgoldgoldgoldsilversilversilversilversilversilversilversilvereuroeuro
2,goldgoldgoldgoldgoldgoldsilversilversilversilversilversilvereuroeuro
5,goldgoldgoldgoldgoldgoldgoldgoldsilvereuroeuroeuroeuro
7,goldgoldgoldgoldgoldgoldgoldgoldgoldsilversilversilversilversilversilversilvereuro
3,goldsilversilversilversilversilversilversilversilversilvereuroeuroeuroeuro
9,silver
10,goldgoldgoldgoldgoldgoldsilversilver
4,goldgoldgoldgoldgoldeuroeuroeuroeuroeuroeuro
10,goldgoldgoldgoldgoldgoldgoldsilversilversilversilversilversilversilvereuroeuroeuroeuroeuroeuro
9,goldgoldgoldgoldgoldgoldgoldsilversilversilversilversilversilversilversilversilvereuroeuroeuroeuro
1,goldgoldsilvereuroeuroeuroeuroeuroeuroeuroeuro
7,goldgoldgoldgoldgoldgoldsilversilversilversilversilversilversilvereuroeuroeuroeuroeuroeuroeuroeuroeuro
6,goldgoldgoldgoldgoldgoldsilversilversilversilversilvereuro
1,goldgoldgoldgoldgoldgoldsilversilversilversilversilversilvereuroeuroeuroeuro
7,goldgoldgoldgoldgoldgoldgoldgoldsilversilversilversilversilversilvereuroeuroeuroeuroeuro
9,goldeuroeuroeuroeuroeuroeuroeuroeuro
10,goldgoldgoldgoldsilversilversilversilvereuroeuroeuro
4,goldgoldgoldgoldgoldgoldgoldsilversilversilversilversilversilversilversilversilvereuroeuroeuro
1,goldgoldgoldgoldgoldgoldgoldsilversilversilversilvereuroeuroeuroeuroeuroeuro
5,goldgoldgoldgoldgoldgoldeuroeuroeuro
1,silversilversilvereuroeuroeuro
5,goldgoldgoldsilversilvereuroeuroeuroeuroeuro
5,goldgoldgoldgoldgoldeuroeuroeuroeuroeuroeuro
3,goldgoldgoldgoldgoldgoldgoldeuroeuro
10,goldgoldgoldgoldgoldgoldgoldgoldgoldsilversilversilversilversilversilvereuroeuroeuro
9,goldgoldgoldgoldgoldgoldsilversilvereuroeuroeuroeuroeuroeuro
3,goldgoldgoldsilversilversilversilversilvereuroeuro
2,goldgoldgoldgoldgoldgoldgoldsilvereuroeuroeuro
9,goldgoldgoldgoldgoldsilversilvereuroeuroeuroeuroeuroeuroeuroeuro
4,goldgoldgoldgoldgoldsilversilversilvereuroeuroeuroeuro
5,goldgoldgoldgoldgoldgoldgoldsilvereuroeuroeuroeuroeuroeuroeuroeuro
2,goldgoldgoldgoldgoldgoldgoldsilversilversilversilversilversilversilvereuroeuro
4,goldgoldgoldsilvereuro
6,goldgoldgoldgoldgoldeuroeuroeuroeuroeuroeuro
4,goldgoldgoldgoldgoldgoldgoldgoldsilversilversilversilversilversilversilversilversilvereuroeuro
3,goldgoldgoldgoldgoldsilvereuroeuroeuroeuroeuro
5,goldgoldgoldsilversilversilversilversilversilversilversilversilvereuroeuroeuroeuroeuroeuro
6,goldsilvereuroeuroeuroeuroeuroeuro
10,goldgoldgoldgoldgoldgoldgoldgoldgoldsilversilversilversilvereuroeuroeuroeuroeuroeuroeuro
10,goldgoldgoldgoldgoldgoldgoldsilversilversilversilversilversilversilversilversilver
8,goldsilversilversilversilversilversilversilvereuroeuroeuroeuroeuroeuroeuroeuroeuro
4,goldgoldgoldgoldsilversilversilversilversilversilvereuroeuroeuroeuroeuroeuroeuroeuroeuro
4,goldgoldgoldgoldgoldgoldgoldgoldgoldeuro
6,goldgoldgoldgoldsilvereuroeuroeuroeuroeuroeuro
6,goldgoldsilversilversilversilversilvereuroeuroeuroeuroeuroeuro
8,goldgoldgoldgoldgoldgoldgoldgoldsilversilversilvereuro
10,goldgoldgoldgoldsilversilversilversilversilversilversilvereuroeuroeuroeuroeuroeuroeuro
6,goldgoldsilversilvereuroeuro
2,goldgoldgoldgoldgoldgoldgoldgoldgoldsilvereuroeuroeuroeuro
8,goldsilvereuroeuroeuroeuroeuroeuroeuroeuro
7,goldgoldgoldgoldgoldgoldsilversilversilversilversilversilvereuro
9,goldgoldgoldgoldgoldgoldgoldgoldgoldsilversilversilversilversilversilversilversilversilvereuroeuroeuroeuro
8,goldgoldgoldgoldgoldgoldgoldgoldgoldsilversilversilvereuro
3,goldgoldgoldgoldgoldgoldgoldgoldgoldsilversilversilversilversilvereuroeuroeuroeuroeuroeuroeuro
6,goldgoldgoldgoldsilversilversilversilversilvereuroeuroeuro
7,goldgoldgoldgoldgoldgoldgoldsilversilversilversilversilver
1,goldgoldgoldsilversilvereuroeuroeuroeuroeuroeuroeuro
7,silversilversilvereuroeuro
7,goldgoldgoldgoldgoldeuroeuroeuroeuro
1,goldgoldgoldgoldsilversilversilversilvereuroeuroeuroeuroeuroeuroeuroeuro
9,silversilversilversilversilver
6,silversilver
10,goldgoldgoldsilversilversilversilversilversilvereuroeuroeuroeuroeuroeuroeuroeuroeuro
4,goldgoldgoldgoldgoldsilversilversilversilvereuroeuroeuroeuroeuroeuroeuroeuro
10,goldgoldgoldgoldgoldgoldgoldgoldgoldsilversilvereuroeuroeuroeuro
2,goldgoldgoldgoldgoldgoldgoldsilversilvereuroeuroeuro
8,goldgoldgoldsilversilversilversilversilversilvereuroeuroeuroeuroeuroeuroeuro
7,goldgoldgoldgoldgoldsilversilversilversilvereuroeuroeuroeuroeuroeuro
6,goldgoldgoldgoldsilversilversilversilversilversilversilversilversilvereuroeuroeuroeuroeuroeuro
1,goldgoldgoldgoldsilversilversilversilversilversilvereuroeuroeuroeuroeuroeuro
6,goldgoldgoldgoldeuro
2,goldgoldgoldsilversilversilversilversilversilversilvereuro
3,silversilvereuro
4,goldsilversilversilversilversilversilversilversilversilver
6,goldgoldsilversilversilversilvereuroeuro
3,goldgoldgoldgoldgoldgoldsilversilversilversilversilvereuroeuroeuro
6,goldgoldgoldgoldsilversilversilversilvereuro
3,goldgoldgoldgoldgoldsilvereuro
6,goldgoldgoldgoldgoldgoldgoldgoldsilversilvereuroeuroeuroeuroeuroeuroeuroeuro
7,goldsilversilversilversilvereuroeuroeuro
2,goldgoldgoldgoldgoldgoldgoldsilversilversilversilvereuroeuroeuroeuroeuroeuroeuroeuroeuro
3,goldgoldgoldsilversilversilversilversilversilversilversilvereuroeuroeuroeuroeuro
6,goldgoldsilversilversilversilversilversilversilversilversilvereuroeuroeuroeuroeuroeuro
4,silversilversilversilvereuroeuroeuro
4,goldgoldgoldgoldgoldgoldgoldgoldsilversilversilversilversilversilvereuroeuroeuroeuroeuroeuro
8,goldgoldgoldgoldgoldgoldgoldsilversilversilversilversilversilversilvereuroeuroeuroeuroeuroeuro
7,goldgoldgoldgoldgoldsilvereuroeuro
1,goldgoldgoldgoldgoldgoldgoldgoldgoldsilversilversilversilversilversilversilversilversilvereuroeuroeuroeuroeuroeuroeuro
9,goldgoldgoldgoldgoldgoldgoldgoldgoldsilversilversilversilver
4,goldgoldgoldgoldgoldsilvereuro
1,goldgoldgoldgoldgoldgoldgoldgoldsilversilvereuroeuroeuroeuro
10,goldgoldgoldgoldsilversilversilversilversilversilversilvereuroeuroeuroeuro
3,goldsilversilversilversilversilvereuroeuro
6,goldgoldsilversilversilversilversilversilversilversilvereuroeuroeuroeuroeuroeuroeuroeuro
10,goldgoldgoldgoldgoldsilversilversilversilversilversilversilvereuroeuro
6,goldgoldgoldsilversilversilversilversilvereuroeuro
5,goldgoldgoldgoldgoldgoldgoldgoldsilversilversilversilvereuroeuro
5,goldgoldgoldgoldgoldgoldsilversilversilversilversilvereuroeuro
10,goldgoldgoldgoldgoldgoldsilversilversilversilversilversilversilversilversilvereuroeuroeuroeuroeuroeuroeuro
10,goldgoldgoldgoldgoldgoldgoldsilversilversilversilversilversilvereuroeuroeuroeuro
3,goldsilversilversilversilversilversilver
9,goldgoldgoldgoldgoldgoldgoldsilversilversilversilversilversilvereuroeuroeuroeuroeuro
8,goldgoldgoldgoldgoldgoldsilversilversilversilversilversilversilvereuroeuroeuroeuro
9,silversilvereuroeuroeuroeuroeuro
10,goldgoldgoldgoldgoldgoldgoldgoldgoldsilversilversilversilversilversilversilversilvereuroeuroeuroeuroeuroeuroeuroeuroeuro
8,goldsilversilversilversilversilvereuro
2,goldgoldsilversilversilvereuroeuroeuroeuroeuroeuro
7,goldgoldgoldgoldgoldsilvereuroeuroeuroeuro
10,silversilvereuroeuroeuroeuroeuroeuroeuroeuroeuro
3,goldgoldgoldgoldgoldsilversilversilversilversilvereuroeuro
1,goldgoldgoldgoldgoldgoldgoldsilversilversilversilvereuro
4,goldgoldgoldsilversilvereuroeuro
6,goldgoldgoldsilversilvereuroeuroeuroeuroeuroeuro
1,silversilversilversilversilversilversilversilvereuroeuroeuroeuroeuroeuroeuro
9,goldgoldgoldsilversilvereuroeuroeuroeuroeuroeuroeuro
8,goldsilversilversilvereuroeuroeuroeuroeuroeuro
6,goldgoldgoldgoldgoldgoldgoldgoldgoldsilversilversilversilversilversilvereuro
9,goldgoldgoldgoldgoldgoldsilvereuroeuroeuroeuro
5,goldgoldgoldgoldgoldgoldgoldgoldsilversilversilversilversilversilversilversilversilvereuroeuro
7,goldsilversilversilversilversilvereuroeuro
6,goldsilversilversilversilvereuro
2,goldgoldgoldgoldsilversilversilversilversilversilvereuroeuroeuroeuroeuroeuroeuro
9,goldgoldgoldgoldgoldgoldgoldgoldgoldsilversilversilver
1,silversilversilver
3,goldgoldgoldgoldgoldgoldgoldgoldgoldsilversilversilvereuroeuroeuroeuroeuro
1,goldgoldgoldgoldgoldgoldgoldgoldgoldsilversilversilversilversilversilvereuroeuroeuroeuroeuroeuroeuroeuroeuro
6,silversilversilversilversilvereuroeuroeuroeuroeuroeuroeuroeuro
10,goldsilversilversilversilversilvereuro
2,goldgoldsilversilversilversilversilversilversilversilvereuroeuroeuroeuroeuroeuroeuroeuroeuro
3,silversilversilversilversilvereuro
5,goldgoldgoldgoldgoldgoldgoldgoldsilversilversilversilversilversilversilver
2,goldgoldgoldgoldgoldgoldgoldgoldsilversilversilvereuroeuroeuroeuroeuroeuro
1,goldgoldsilvereuro
5,goldgoldgoldsilversilversilversilversilversilversilversilvereuro
4,goldgoldgoldgoldgoldgoldgoldgoldsilversilversilver
8,goldgoldgoldgoldgoldgoldgoldgoldsilversilversilversilversilvereuroeuroeuroeuroeuroeuroeuroeuroeuro
4,goldgoldsilversilversilversilvereuroeuroeuroeuroeuroeuro
1,goldgoldgoldsilversilversilversilversilversilvereuro
8,goldgoldgoldgoldeuroeuroeuroeuro
2,goldgoldgoldgoldgoldgoldgoldgoldsilversilversilversilversilversilvereuroeuroeuroeuro
4,goldgoldgoldgoldgoldgoldsilversilversilversilversilversilversilversilversilvereuroeuroeuroeuroeuroeuroeuroeuroeuro
10,goldgoldgoldgoldgoldgoldsilversilversilversilversilversilversilversilversilvereuroeuroeuroeuroeuroeuroeuro
4,goldgoldgoldsilversilversilvereuroeuroeuroeuroeuroeuro
7,goldgoldgoldgoldgoldgoldgoldgoldsilversilversilversilversilversilvereuroeuroeuroeuro
6,goldgoldgoldgoldgoldsilversilversilversilversilversilvereuroeuroeuroeuroeuroeuroeuroeuroeuro
3,silversilversilversilversilversilversilversilvereuroeuroeuroeuroeuroeuroeuro
2,goldgoldgoldeuroeuroeuroeuro
10,goldgoldgoldgoldgoldgoldgoldeuroeuro
9,goldgoldsilversilversilversilversilversilversilversilvereuroeuroeuroeuroeuroeuroeuro
6,silversilversilversilversilversilversilvereuroeuroeuroeuroeuroeuroeuro
6,goldgoldsilversilversilversilversilversilversilvereuroeuroeuro
4,goldgoldgoldeuroeuro
9,goldgoldsilversilversilversilversilversilvereuroeuroeuroeuroeuroeuro
4,goldgoldgoldgoldgoldgoldgoldgoldsilversilvereuroeuroeuroeuroeuro
1,gold
2,goldgoldgoldgoldgoldsilversilversilversilversilversilvereuroeuroeuroeuro
10,goldgoldgoldgoldsilversilversilversilversilversilversilversilversilver
5,goldgoldgoldgoldgoldgoldgoldsilversilversilvereuroeuro
1,goldgoldeuroeuroeuroeuroeuroeuroeuroeuro
10,goldgoldeuro
8,goldgoldgoldgoldgoldgoldsilversilversilversilvereuroeuroeuroeuroeuroeuroeuroeuro
8,goldgoldgoldgoldeuroeuroeuroeuroeuroeuroeuroeuroeuro
9,goldgoldsilversilversilversilversilversilvereuro
3,goldgoldgoldgoldgoldgoldgoldsilversilvereuroeuro
5,goldgoldeuroeuro
7,goldgoldgoldgoldsilversilversilversilversilversilversilversilversilvereuroeuroeuro
2,goldsilversilversilvereuroeuroeuroeuroeuroeuroeuroeuro
3,goldgoldgoldgoldgoldgoldsilversilversilversilversilversilversilversilvereuroeuro
5,goldgoldgoldgoldgoldsilversilversilversilversilversilversilversilvereuroeuroeuroeuroeuroeuroeuroeuro
5,goldgoldgoldgoldsilversilversilversilversilversilvereuroeuroeuroeuroeuroeuro
7,goldgoldgoldgoldsilversilversilversilversilversilversilversilvereuroeuroeuroeuroeuroeuroeuroeuro
7,goldgoldgoldsilvereuroeuroeuroeuroeuroeuroeuroeuroeuro
8,goldgoldgoldsilvereuroeuroeuroeuro
6,goldgoldgoldgoldgoldgoldsilversilversilversilversilversilversilversilversilvereuroeuroeuroeuroeuroeuroeuroeuro
1,goldgoldgoldgoldsilversilversilvereuroeuroeuro
3,goldsilversilvereuroeuroeuroeuroeuroeuroeuro
5,goldgoldgoldsilversilversilversilver
8,goldgoldgoldsilversilversilversilversilversilversilversilversilvereuroeuroeuroeuro
6,goldgoldgoldgoldgoldgoldsilversilversilversilversilvereuroeuroeuroeuro
9,goldgoldgoldgoldgoldgoldgoldsilversilversilversilversilversilversilversilvereuroeuro
9,goldgoldeuro
9,goldgoldgoldgoldgoldgoldgoldsilversilver
9,goldgold
10,goldgoldgoldsilversilversilversilversilversilversilversilversilvereuroeuroeuroeuroeuro
2,goldgoldgoldgoldgoldgoldsilversilversilversilversilversilversilversilversilvereuro
7,silversilvereuroeuroeuroeuroeuroeuroeuro
8,goldsilversilversilversilversilversilversilversilversilvereuroeuroeuroeuroeuroeuroeuro
3,goldgoldgoldgoldsilversilversilversilversilversilversilvereuroeuro
5,goldgoldgoldgoldsilversilversilversilvereuroeuroeuroeuro
5,goldgoldsilversilversilversilversilversilvereuroeuroeuroeuroeuroeuroeuro
2,goldgoldgoldgoldgoldgoldsilvereuroeuro
2,goldgoldgoldgoldeuroeuroeuroeuroeuroeuroeuro
9,goldgoldgoldgoldgoldgoldgoldsilversilversilversilversilversilversilvereuroeuroeuroeuroeuroeuroeuro
2,goldgoldgoldgoldsilversilversilversilversilvereuroeuroeuroeuroeuroeuroeuroeuroeuro
7,goldgoldgoldgoldsilversilversilversilversilversilversilversilvereuroeuroeuroeuroeuroeuroeuroeuro
5,goldgoldgoldgoldgoldgoldsilversilversilversilversilversilversilversilvereuroeuroeuroeuro
9,goldgoldsilversilvereuroeuroeuro
8,goldgoldgoldgoldgoldgoldgoldgoldsilversilversilvereuroeuroeuroeuroeuroeuroeuro
4,goldgoldgoldgoldgoldgoldgoldeuroeuroeuroeuro
3,goldgoldgoldgoldgoldgoldgoldgoldgoldsilversilversilversilversilversilversilversilvereuroeuroeuroeuro
7,goldgoldsilversilversilversilversilversilvereuro
1,goldgoldgoldgoldgoldgoldgoldgoldgoldsilversilversilversilversilversilversilversilvereuroeuroeuroeuroeuroeuroeuroeuroeuro
3,goldgoldsilversilversilversilversilvereuroeuroeuroeuro
8,goldgoldgoldgoldgoldgoldgoldgoldgoldsilversilversilversilversilversilversilvereuroeuroeuroeuroeuroeuroeuroeuro
6,goldgoldgoldgoldsilversilversilvereuroeuroeuroeuroeuroeuroeuroeuro
8,goldgoldgoldgoldsilversilversilvereuroeuroeuroeuroeuroeuro
1,goldgoldgoldgoldgoldgoldgoldgoldsilversilvereuroeuroeuroeuroeuro
10,silversilversilversilversilversilversilver
7,goldgoldgoldsilversilversilversilvereuroeuroeuroeuroeuroeuroeuro
2,goldgoldgoldgoldgoldgoldgoldsilversilversilversilversilversilversilversilvereuroeuroeuroeuroeuro
7,goldgoldgoldgoldgoldgoldgoldsilversilvereuro
7,goldgoldgoldgoldgoldgoldgoldsilversilversilversilversilversilversilversilvereuroeuroeuroeuro
10,goldgoldgold
6,goldgoldgoldgoldgoldsilversilversilversilversilversilversilvereuroeuro
5,goldsilversilversilversilversilversilversilversilvereuroeuroeuro
10,goldgoldgoldgoldgoldgoldgoldgoldgoldsilversilversilvereuroeuroeuroeuro
3,goldgoldgoldgoldgoldsilversilversilversilversilversilversilversilversilvereuroeuroeuroeuroeuroeuroeuroeuro
10,goldgoldgoldgoldgoldgoldgoldgoldgoldsilversilversilversilvereuroeuroeuroeuroeuroeuroeuroeuro
3,goldsilversilversilversilversilvereuro
7,goldgoldgoldgoldgoldgoldgoldgoldgoldsilversilvereuroeuroeuroeuroeuroeuroeuro
7,goldgoldgoldgoldgoldgoldgoldgoldgoldsilversilversilversilversilversilversilvereuroeuroeuroeuro
1,goldgoldgoldgoldgoldgoldgoldsilversilversilversilversilversilversilversilvereuroeuro
1,goldgoldgoldgoldgoldgoldgoldgoldsilversilversilversilversilversilversilversilversilvereuroeuroeuroeuro
5,goldgoldgoldgoldgoldgoldgoldgoldsilversilvereuroeuroeuroeuroeuro
1,goldgoldgoldsilvereuroeuroeuroeuroeuroeuroeuroeuro
6,goldgoldgoldgoldgoldgoldgoldgoldgoldsilversilversilversilversilversilversilversilvereuroeuroeuroeuro
1,goldgoldgoldgoldgoldsilvereuroeuroeuroeuroeuroeuroeuroeuro
9,goldsilversilversilversilversilversilversilversilversilvereuroeuroeuroeuroeuro
4,goldgoldgoldgoldgoldsilversilversilversilvereuroeuro
3,goldgoldgoldgoldsilver
6,silversilversilversilvereuroeuroeuroeuroeuroeuroeuroeuro
2,goldgoldsilversilversilversilversilver
6,goldgoldgoldgoldsilversilversilversilversilversilvereuro
8,goldgoldgoldgoldgoldgoldgoldgoldgoldsilversilvereuroeuroeuroeuroeuroeuroeuroeuro
8,goldgoldgoldgoldgoldgoldeuroeuroeuroeuroeuro
1,gold
1,goldgoldgoldsilvereuro
9,goldgoldgoldsilversilversilversilversilversilversilversilversilvereuroeuroeuroeuroeuroeuroeuroeuroeuro
8,goldsilversilversilversilversilversilversilversilversilvereuroeuroeuroeuroeuroeuroeuroeuro
10,goldgoldgoldgoldgoldgoldsilversilversilversilversilversilversilvereuroeuroeuroeuroeuroeuro
6,goldgoldgoldgoldgoldgoldsilversilversilversilvereuroeuroeuroeuroeuroeuroeuroeuro
8,goldgoldgoldgoldgoldgoldgoldgoldsilversilversilversilversilvereuroeuroeuroeuro
7,goldgoldgoldgoldgoldgoldgoldgoldgoldsilversilversilversilversilversilvereuroeuroeuroeuroeuroeuroeuro
2,goldsilvereuroeuroeuroeuro
3,goldgoldeuroeuroeuro
8,silversilversilversilversilvereuroeuroeuroeuroeuroeuroeuroeuroeuro
4,goldgoldgoldgoldsilversilversilversilversilversilversilversilvereuroeuroeuroeuroeuroeuroeuroeuro
5,goldgoldgoldeuroeuroeuroeuroeuroeuroeuroeuro
1,goldgoldgoldsilversilversilversilversilversilversilvereuroeuroeuroeuroeuroeuro
2,goldgoldgoldgoldgoldgoldgoldsilversilversilvereuroeuroeuroeuro
1,silversilversilversilvereuroeuroeuroeuroeuroeuroeuroeuroeuro
6,goldgoldgoldgoldgoldgoldsilversilversilversilversilversilversilversilversilvereuroeuroeuroeuroeuroeuroeuro
1,goldgoldsilvereuroeuroeuroeuroeuroeuroeuro
6,goldgoldgoldgoldgoldgoldgoldgoldsilversilvereuroeuroeuroeuroeuroeuroeuro
6,goldgoldgoldgoldgoldgoldgoldgoldgoldsilversilversilversilversilversilversilversilversilvereuroeuroeuro
7,silversilversilversilversilversilvereuroeuroeuroeuroeuro
5,goldsilversilversilversilvereuro
2,goldsilversilversilversilversilversilvereuroeuroeuro
5,goldgoldsilversilversilversilversilvereuroeuroeuroeuroeuroeuroeuro
2,goldgoldsilversilversilversilversilversilvereuroeuroeuroeuroeuroeuro
6,goldgoldeuroeuroeuroeuro
6,goldgoldgoldgoldgoldsilversilversilversilversilvereuro
4,goldgoldgoldgoldgoldgoldsilversilversilversilvereuroeuroeuroeuroeuroeuroeuro
9,silversilversilvereuroeuroeuroeuroeuroeuroeuroeuro
10,goldgoldgoldgoldsilversilversilversilvereuroeuroeuro
6,goldgoldgoldgoldgoldgoldgoldgoldsilversilversilversilversilversilversilversilversilvereuroeuroeuroeuroeuro
7,silversilversilversilversilversilversilvereuroeuroeuroeuroeuroeuroeuroeuro
6,goldsilversilvereuroeuroeuro
1,goldgoldgoldgoldgoldgoldgoldgoldgoldsilversilversilversilversilversilversilvereuroeuroeuro
4,goldgoldgoldgoldgoldgoldgoldgoldgoldsilvereuroeuroeuroeuroeuroeuro
4,goldgoldgoldgoldgoldgoldgoldgoldgoldsilversilversilversilvereuroeuroeuroeuroeuroeuroeuroeuro
5,goldgoldgoldsilversilversilversilversilversilversilversilvereuroeuroeuroeuroeuroeuro
9,goldgoldgoldgoldgoldgoldsilversilversilversilversilversilversilversilvereuroeuroeuroeuroeuroeuroeuro
1,goldgoldgoldsilversilversilversilver
10,goldgoldgoldgoldgoldgoldgoldgoldsilversilversilversilversilvereuroeuroeuroeuroeuroeuro
3,silversilversilversilversilversilversilversilvereuroeuroeuroeuroeuroeuroeuroeuro
7,goldgoldgoldgoldgoldgoldgoldgoldeuro
9,goldsilversilversilvereuroeuro
4,goldgoldgoldgoldgoldgoldgoldsilversilversilvereuroeuroeuroeuroeuro
5,goldgoldgoldgoldgoldgoldsilversilversilvereuroeuroeuroeuro
7,goldgoldgoldgoldgoldsilversilversilvereuroeuroeuroeuroeuroeuroeuro
4,goldgoldgoldgoldgoldgoldgoldeuroeuroeuroeuroeuroeuroeuroeuro
10,goldgoldgoldgoldsilversilversilversilversilversilvereuroeuroeuroeuroeuroeuro
2,goldgoldsilversilversilversilversilversilvereuroeuroeuroeuro
6,goldgoldgoldgoldsilversilvereuroeuroeuroeuroeuroeuro
8,goldsilversilversilversilvereuroeuroeuroeuro
10,goldgoldgoldgoldgoldeuroeuroeuroeuroeuroeuro
3,goldsilversilversilversilversilversilversilvereuroeuroeuroeuroeuro
10,goldgoldgoldgoldgoldgoldgoldgoldgoldsilvereuro
9,goldgoldgoldgoldgoldeuroeuroeuroeuroeuroeuroeuro
10,goldgoldgoldsilversilversilversilversilversilvereuroeuroeuroeuroeuro
10,goldgoldgoldgoldgoldsilversilvereuro
8,silversilversilversilversilversilversilvereuroeuroeuroeuroeuroeuro
10,euroeuroeuroeuroeuroeuroeuroeuroeuro
2,goldgoldsilversilversilversilversilversilvereuro
9,goldgoldgoldgoldgoldgoldgoldsilvereuroeuroeuroeuroeuroeuroeuro
9,euroeuroeuroeuroeuro
10,goldgoldgoldgoldsilvereuroeuroeuroeuroeuroeuroeuro
7,goldgoldsilversilversilversilvereuroeuroeuroeuroeuroeuro
1,goldgoldgoldsilvereuroeuroeuroeuroeuroeuroeuroeuroeuro
8,goldgoldgoldgoldgoldgoldgoldgoldgoldsilversilvereuroeuro
6,goldgoldgoldgoldsilversilversilversilversilversilversilversilver
7,goldsilversilversilversilvereuroeuroeuroeuroeuro
7,goldgoldgoldgoldgoldgoldgoldgoldgoldsilversilversilversilversilversilversilversilvereuroeuro
4,goldgoldgoldgoldgoldgoldgoldgoldsilversilversilversilvereuroeuroeuroeuroeuro
10,goldgoldgoldgoldsilversilversilversilversilvereuroeuroeuroeuroeuroeuroeuro
6,goldgoldsilversilversilversilversilvereuroeuroeuroeuroeuroeuroeuroeuroeuro
10,goldgoldsilversilversilversilvereuroeuroeuroeuro
9,goldgoldgoldgoldgoldsilversilvereuroeuroeuro
1,goldgoldgoldgoldsilversilversilversilversilversilversilversilvereuroeuroeuro
1,goldgoldgoldeuroeuroeuroeuroeuroeuroeuroeuro
4,goldgoldgoldgoldgoldgoldgoldsilversilversilversilversilvereuroeuroeuroeuroeuroeuroeuroeuro
1,goldgoldgoldgoldgoldgoldgoldgoldsilversilversilvereuroeuroeuro
2,goldgoldgoldgoldgoldgoldgoldsilversilversilversilversilversilversilversilvereuroeuroeuro
4,goldgoldgoldgoldgoldgoldgoldgoldgoldsilvereuroeuroeuroeuroeuroeuroeuroeuroeuro
2,goldgoldgoldgoldgoldgoldgoldgoldsilversilversilversilversilversilversilvereuroeuroeuroeuroeuroeuroeuro
10,goldgoldsilversilversilversilversilversilversilversilversilvereuro
7,goldgoldsilversilversilversilvereuroeuroeuroeuro
10,goldgoldgoldgoldgoldgoldgoldgoldgold
7,goldgoldgoldgoldgoldgoldgoldgoldgoldsilversilvereuroeuroeuro
2,goldgoldgoldgoldgoldgoldgoldsilversilversilversilversilvereuroeuroeuroeuroeuroeuro
10,goldgoldsilversilversilversilversilversilver
5,goldgoldsilversilversilversilversilvereuroeuroeuroeuroeuroeuro
9,goldgoldgoldgoldsilversilversilversilversilversilversilvereuroeuroeuroeuroeuroeuroeuroeuroeuro
1,goldgoldgoldgoldgoldgoldsilversilversilversilversilvereuroeuroeuroeuroeuroeuroeuroeuro
8,goldgoldgoldsilversilversilversilversilversilversilversilvereuroeuroeuroeuro
10,goldgoldgoldgoldsilversilversilversilversilversilversilversilversilvereuroeuroeuro
3,goldgoldgoldgoldgoldsilversilversilvereuroeuroeuroeuro
3,goldgoldgoldgoldgoldgoldeuro
6,goldsilversilversilversilversilversilversilver
6,goldgoldgoldgoldgoldgoldgoldgoldsilversilversilversilversilversilvereuroeuroeuroeuroeuroeuroeuro
1,goldgoldgoldgoldgoldgoldgoldgoldsilversilversilversilvereuroeuroeuroeuroeuroeuro
2,goldgoldgoldgoldsilversilversilversilvereuroeuroeuroeuroeuroeuroeuro
6,goldgoldgoldgoldgoldgoldgoldgoldgoldsilversilversilvereuroeuroeuroeuroeuroeuro
2,goldgoldgoldgoldeuroeuro
6,goldgoldgoldgoldgoldsilvereuroeuroeuroeuroeuroeuroeuroeuro
5,silversilversilversilversilversilversilvereuroeuroeuroeuro
4,goldgoldgoldgoldgoldgoldsilversilversilversilversilversilversilversilversilvereuroeuro
4,goldgoldgoldgoldgoldgoldgoldgoldsilversilversilversilversilversilversilversilversilvereuroeuroeuroeuroeuroeuro
7,goldgoldgoldgoldgoldsilversilversilver
4,goldsilversilversilversilversilversilversilversilvereuroeuroeuroeuroeuroeuro
3,goldgoldsilversilversilversilversilversilversilversilvereuroeuroeuroeuroeuroeuro
1,goldgoldgoldgoldgoldgoldgoldgoldgoldsilversilver
7,goldgoldsilversilversilversilvereuroeuroeuroeuroeuroeuroeuro
9,silvereuroeuroeuroeuroeuroeuroeuroeuroeuro
3,goldsilversilversilversilversilversilvereuroeuroeuroeuroeuro
1,goldgoldgoldgoldgoldgoldgoldgoldgoldsilversilversilversilvereuroeuroeuroeuro
6,goldgoldgoldgoldgoldsilversilversilversilversilvereuroeuro
1,goldgoldgoldgoldgoldgoldgoldgoldsilversilversilversilversilversilvereuroeuroeuroeuroeuro
1,goldgoldgoldgoldsilversilversilversilversilversilversilversilvereuroeuroeuroeuroeuroeuroeuroeuroeuro
1,goldgoldgoldgoldgoldgoldgoldeuroeuro
5,goldgoldgoldsilversilvereuroeuroeuroeuro
1,goldgoldgoldgoldgoldgoldgoldgoldgoldeuroeuroeuroeuro
2,goldgoldgoldgoldsilversilversilversilversilversilversilversilvereuroeuroeuroeuro
1,silversilversilvereuroeuroeuroeuro
1,goldgoldgoldgoldgoldgoldsilversilversilversilversilvereuroeuroeuroeuroeuro
1,goldgoldgoldgoldgoldgoldgoldsilversilversilversilversilvereuroeuroeuroeuroeuro
5,goldsilversilversilversilvereuro
5,goldgoldgoldgoldgoldgoldgoldgoldgoldsilversilversilversilversilversilversilversilvereuroeuroeuroeuro
6,goldgoldsilversilversilversilversilversilversilvereuroeuroeuroeuroeuroeuro
4,goldgoldgoldgoldsilversilversilversilversilversilversilversilversilvereuroeuroeuro
7,goldgoldgoldgoldgoldsilversilversilversilversilversilvereuroeuro
10,goldsilversilversilversilversilversilversilversilversilver
7,goldgoldgoldgoldgoldsilversilversilversilversilvereuroeuro
5,goldgoldgoldgoldsilversilversilversilversilvereuroeuroeuroeuroeuroeuroeuroeuro
1,goldgoldgoldgoldgoldgoldgoldgoldgoldsilversilversilversilversilvereuroeuroeuroeuroeuroeuroeuro
6,goldgoldgoldgoldgoldgoldsilversilversilversilversilvereuroeuroeuroeuroeuroeuroeuroeuro
2,silversilversilvereuro
2,goldgoldgoldgoldgoldgoldsilversilvereuroeuroeuroeuroeuroeuroeuro
5,goldgoldgoldgoldgoldsilversilversilvereuroeuroeuroeuroeuroeuroeuroeuroeuro
2,goldgoldgoldgoldgoldgoldgoldgoldgoldsilversilversilversilversilversilversilvereuroeuroeuroeuro
9,goldgoldgoldgoldgoldgoldgoldgoldsilversilversilversilversilversilversilvereuroeuroeuroeuroeuroeuroeuro
3,goldgoldgoldgoldgoldgoldgoldsilversilversilversilversilversilvereuroeuroeuroeuroeuroeuroeuro
3,goldgoldgoldgoldgoldgoldgoldgoldgoldsilversilversilversilvereuro
7,goldgoldgoldgoldgoldsilversilversilvereuroeuroeuroeuroeuroeuroeuroeuroeuro
5,goldgoldgoldgoldeuroeuroeuroeuroeuroeuro
1,silversilversilversilversilversilversilversilvereuroeuroeuroeuroeuroeuroeuroeuroeuro
9,goldgoldsilversilvereuroeuro
3,silversilversilversilvereuroeuroeuroeuroeuro
4,goldgoldgoldgoldsilversilvereuro
3,silversilversilversilvereuroeuroeuroeuroeuro
9,goldgoldgoldgoldgoldgoldgoldsilversilversilversilvereuro
5,goldgoldgoldgoldsilversilversilver
5,goldgoldgoldgoldgoldgoldgoldgoldgoldsilversilversilversilversilvereuroeuroeuroeuroeuroeuro
9,goldgoldgoldgoldgoldgoldsilversilversilversilversilversilversilversilvereuro
8,goldgoldgoldsilversilvereuroeuroeuroeuroeuroeuroeuroeuroeuro
8,goldgoldsilversilversilversilversilversilversilversilvereuroeuroeuroeuroeuroeuroeuroeuroeuro
8,goldgoldgoldgoldgoldgoldgoldgoldgoldsilversilversilversilversilvereuroeuroeuroeuro
3,goldsilversilversilversilversilversilversilvereuroeuroeuroeuro
9,goldgoldgoldgoldgoldgoldgoldsilversilvereuroeuroeuroeuroeuroeuroeuroeuroeuro
9,goldgoldgoldsilversilvereuroeuroeuroeuro
10,goldgoldgoldgoldgoldgoldgoldgoldgoldsilversilversilversilvereuroeuroeuroeuroeuroeuroeuroeuroeuro
4,goldgoldsilversilversilversilversilversilversilversilversilvereuroeuroeuroeuro
2,goldgoldsilvereuroeuroeuroeuroeuro
2,goldgoldgoldgoldgoldgoldsilversilversilvereuroeuroeuroeuroeuroeuroeuroeuroeuro
6,goldgoldgoldgoldgoldgoldgoldgoldgoldsilversilversilversilversilvereuroeuro
2,goldsilversilversilversilversilvereuroeuroeuro
5,silvereuroeuro
1,goldgoldgoldgoldsilversilversilvereuroeuroeuroeuro
7,goldgoldsilversilversilversilversilversilversilversilver
6,goldsilversilversilversilversilversilvereuroeuroeuroeuroeuroeuro
6,goldgoldgoldsilversilversilversilversilversilversilversilversilvereuroeuroeuroeuroeuroeuroeuroeuroeuro
10,goldgoldsilversilversilvereuroeuroeuroeuroeuroeuroeuro
5,goldgoldgoldgoldgoldgoldgoldsilversilversilversilversilvereuroeuroeuroeuroeuro
5,goldgoldgoldgoldgoldgoldgoldgoldsilversilversilvereuroeuroeuroeuroeuroeuro
3,goldgoldgoldgoldgoldgoldgoldgoldsilversilvereuroeuroeuro
4,silversilversilversilversilversilversilvereuroeuroeuroeuro
1,goldgoldgoldgoldgoldgoldgoldgoldgoldsilversilversilversilversilvereuroeuroeuro
2,goldgoldgoldgoldgoldsilversilvereuroeuro
10,goldgoldgoldsilversilversilversilvereuro
10,goldgoldgoldgoldgoldgoldgoldsilversilversilversilvereuroeuroeuroeuroeuroeuroeuroeuroeuro
8,goldgoldgoldgoldgoldgoldgoldgoldsilversilversilversilvereuroeuroeuroeuroeuroeuro
10,goldeuroeuroeuroeuroeuro
3,goldgoldgoldgoldgoldgoldsilversilversilversilversilversilversilversilvereuroeuroeuroeuro
8,silversilversilversilversilversilversilversilvereuroeuroeuroeuroeuroeuroeuro
9,goldgoldgoldgoldsilversilversilversilversilversilversilver
1,goldgoldsilversilversilversilversilversilversilvereuro
9,goldgoldgoldgoldsilversilversilversilversilversilversilversilvereuroeuroeuro
1,goldgoldgoldgoldgoldgoldgoldgoldsilversilversilversilversilvereuroeuro
3,goldgoldgoldgoldgoldgoldgoldsilver
5,goldgoldgoldgoldgoldgoldgoldgoldgoldsilversilversilvereuroeuroeuroeuroeuroeuroeuroeuroeuro
9,goldgoldgoldgoldgoldgoldgoldsilversilversilversilversilver
5,goldgoldgoldgoldgoldgoldgoldgoldgoldsilversilversilversilversilversilversilversilvereuroeuro
3,goldgoldgoldsilversilversilversilversilversilversilversilversilvereuroeuroeuro
3,silversilvereuroeuroeuroeuroeuroeuroeuro
4,goldgoldsilversilversilversilversilversilvereuroeuroeuroeuroeuroeuroeuro
7,goldgoldgoldsilversilversilversilversilversilversilversilversilver
5,goldgoldgoldgoldgoldgoldsilversilversilvereuroeuroeuro
6,goldgoldgoldgoldgoldgoldsilversilversilversilversilvereuroeuroeuroeuro
9,silversilversilversilversilvereuroeuro
6,goldgoldgoldgoldgoldgoldgoldgoldsilversilversilversilvereuroeuroeuroeuroeuroeuro
8,silversilversilvereuroeuroeuroeuroeuroeuroeuroeuro
4,goldgoldgoldgoldgoldgoldgoldgoldgoldsilversilversilversilversilversilversilvereuroeuroeuroeuroeuroeuroeuroeuroeuro
7,goldsilversilversilversilversilvereuroeuroeuro
1,goldgoldgoldgoldgoldgoldgoldgoldgoldsilversilversilversilversilvereuroeuroeuroeuroeuro
9,goldgoldsilversilversilversilversilversilversilversilversilvereuroeuroeuroeuroeuroeuroeuro
5,goldgoldsilversilversilversilversilversilversilversilvereuroeuroeuroeuroeuroeuro
10,goldsilversilversilversilversilversilversilversilvereuroeuro
8,goldgoldgoldgoldgoldgoldgoldgoldgoldsilversilversilversilversilversilversilversilversilver
5,goldsilvereuroeuroeuroeuro
1,goldgoldsilversilversilversilversilversilversilvereuroeuroeuroeuroeuroeuroeuro
7,goldgoldsilversilversilversilversilversilversilversilversilvereuroeuroeuroeuro
4,goldgoldgoldgoldgoldsilversilversilversilversilversilversilversilversilvereuroeuroeuroeuro
8,goldgoldgoldgoldgoldgoldgoldeuroeuroeuro
8,goldgoldgoldgoldgoldgoldgoldsilvereuroeuroeuroeuro
4,goldgoldgoldgoldgoldsilversilversilversilversilversilversilversilversilvereuroeuroeuroeuroeuroeuroeuroeuroeuro
1,goldgoldgoldgoldgoldgoldgoldgoldsilversilversilversilversilversilversilversilversilvereuroeuroeuroeuroeuro
5,goldgoldsilversilversilversilversilvereuroeuroeuroeuroeuroeuroeuroeuroeuro
5,silversilversilversilversilversilversilvereuroeuroeuroeuroeuroeuroeuro
3,goldgoldgoldgoldsilversilversilversilversilversilversilversilversilvereuroeuroeuro
3,goldgoldgoldgoldgoldgoldgoldgoldgoldsilversilversilversilversilversilversilversilvereuroeuro
10,silversilversilversilversilversilversilversilversilver
3,goldgoldgoldgoldgoldgoldgoldgoldgoldsilversilvereuroeuroeuroeuroeuroeuro
3,goldgoldsilversilversilversilvereuro
9,goldgoldgoldgoldgoldgoldgoldgoldsilversilversilversilversilversilvereuroeuroeuroeuroeuroeuro
8,goldeuroeuroeuroeuroeuroeuroeuro
5,goldgoldgoldgoldgoldgoldgoldsilversilversilvereuroeuroeuroeuroeuro
7,goldgoldsilversilversilversilvereuroeuroeuroeuroeuroeuro
9,goldgoldgoldsilversilversilversilvereuroeuroeuroeuroeuroeuro
7,goldgoldgoldgoldgoldgoldgoldsilversilversilversilversilvereuroeuroeuroeuroeuroeuroeuroeuro
5,goldgoldgoldgoldgoldgoldgoldgoldsilversilversilversilversilversilversilvereuroeuroeuroeuro
5,goldgoldgoldgoldgoldgoldsilversilversilversilversilversilversilversilvereuroeuro
1,silversilversilversilversilvereuroeuroeuroeuroeuroeuroeuroeuro
4,goldgoldgoldgoldgoldgoldsilversilversilversilversilversilversilversilversilvereuroeuro
5,goldgoldgoldgoldgoldgoldsilversilversilversilvereuroeuroeuroeuroeuro
9,goldgoldgoldgoldgoldgoldgoldgold
2,goldsilversilversilversilversilversilversilvereuroeuroeuro
7,goldgoldgold
9,goldgoldgoldgoldgoldgoldsilversilversilversilversilversilversilversilvereuroeuroeuroeuroeuroeuroeuro
6,goldgoldgoldgoldsilversilversilversilversilversilversilversilvereuroeuroeuroeuroeuroeuroeuroeuro
5,goldgoldgoldgoldsilversilver
2,goldgoldgoldgoldgoldgoldgoldsilvereuroeuroeuroeuroeuroeuroeuroeuro
4,goldgoldgoldgoldsilversilversilversilvereuroeuroeuroeuro
4,goldgoldsilversilversilvereuroeuro
2,goldgoldgoldgoldsilversilvereuroeuroeuroeuro
7,silversilversilversilvereuroeuroeuroeuroeuroeuroeuroeuro
9,goldgoldsilversilversilvereuroeuroeuroeuroeuro
4,goldgoldsilversilversilversilversilversilversilversilversilver
6,goldgoldgoldeuroeuroeuroeuroeuro
9,goldgoldgoldgoldgoldsilvereuroeuroeuroeuroeuroeuro
1,goldgoldgoldgoldgoldgoldgoldsilversilversilvereuroeuroeuroeuroeuroeuroeuro
3,goldgoldgoldgoldsilversilversilversilvereuro
8,goldgoldgoldgoldgoldgoldgoldgoldsilversilversilversilversilversilversilvereuroeuroeuroeuroeuro
8,goldgoldsilvereuroeuroeuroeuroeuroeuroeuroeuroeuro
1,goldgoldgoldgoldsilversilversilvereuroeuroeuroeuroeuroeuroeuro
8,goldgoldsilversilversilversilversilversilver
6,goldsilversilversilversilversilversilversilversilvereuroeuroeuroeuro
8,goldgoldgoldgoldgoldgoldsilversilversilversilver
4,silversilversilvereuroeuroeuroeuroeuroeuroeuroeuroeuro
1,goldgoldgoldgoldsilversilversilversilversilvereuroeuroeuro
1,goldgoldsilversilversilversilversilvereuroeuroeuroeuroeuroeuroeuroeuroeuro
9,goldgoldgoldgoldsilversilvereuroeuroeuroeuroeuroeuro
7,goldgoldgoldsilversilversilversilversilversilversilversilversilvereuroeuroeuroeuroeuroeuro
5,goldgoldgoldgoldgoldgoldsilversilversilversilversilversilversilvereuro
4,goldsilversilversilvereuroeuroeuroeuroeuro
2,goldgoldgoldgoldgoldgoldsilversilversilversilvereuroeuroeuroeuroeuroeuro
2,goldgoldgoldsilversilversilver
10,goldgoldsilvereuroeuroeuroeuroeuroeuroeuroeuro
10,silversilvereuroeuroeuroeuroeuro
6,goldgoldgoldgoldgoldgoldsilversilvereuroeuroeuroeuroeuroeuroeuroeuroeuro
7,goldgoldgoldgoldgoldgoldgoldsilversilversilversilversilversilversilvereuroeuroeuroeuro
2,goldgoldgoldeuroeuroeuro
3,goldgoldgoldsilversilversilversilversilversilvereuroeuroeuroeuro
2,goldgoldgoldgoldgoldsilversilversilversilversilversilvereuroeuroeuroeuroeuro
10,goldgoldgoldgoldgoldgoldgoldgoldsilversilversilversilversilversilversilversilversilvereuroeuroeuroeuroeuro
7,silversilversilvereuroeuroeuroeuroeuroeuro
5,goldgoldgoldsilversilversilversilvereuroeuroeuroeuroeuro
2,goldgoldgoldgoldgoldgoldgoldsilversilversilversilvereuro
5,goldgoldeuro
4,goldgoldsilversilversilversilversilversilversilvereuroeuro
1,goldgoldgoldgoldgoldgoldgoldgoldsilver
1,goldgoldgoldsilversilversilvereuroeuroeuroeuroeuroeuroeuroeuro
5,goldgoldgoldsilversilversilvereuroeuroeuroeuroeuro
8,goldgoldgoldgoldgoldsilversilvereuroeuroeuroeuroeuro
7,goldgoldsilversilversilversilversilversilversilvereuroeuroeuroeuroeuroeuroeuro
10,goldgoldgoldgoldsilversilversilvereuroeuroeuroeuroeuroeuro
1,goldgoldgoldgoldgoldgoldgoldgoldgoldeuroeuroeuroeuro
4,goldgoldgoldgoldgoldsilversilvereuroeuroeuroeuroeuro
3,goldgoldgoldsilversilversilversilvereuroeuroeuroeuroeuro
10,goldgoldgoldgoldgoldgoldgoldgoldsilversilversilversilvereuroeuroeuro
8,goldgoldsilversilversilversilver
5,goldgoldgoldgoldsilversilversilversilversilversilversilversilvereuro
4,goldgoldgoldgoldgoldsilvereuroeuro
8,goldsilversilversilversilvereuroeuroeuroeuroeuro
6,silversilversilversilver
7,goldgoldgoldgoldgoldgoldgoldgoldgoldsilversilver
3,goldgoldgoldgoldgoldgoldgoldsilversilversilversilversilversilversilversilversilvereuroeuroeuroeuro
8,goldgoldgoldgoldgoldgoldgoldsilversilversilversilversilvereuro
4,goldgoldgoldsilversilversilversilversilversilvereuroeuroeuroeuroeuro
7,goldgoldgoldgoldgoldsilversilversilversilversilversilvereuroeuroeuroeuroeuroeuro
6,goldgoldgoldgoldgoldgoldsilvereuroeuroeuroeuroeuroeuro
5,goldgoldgoldeuro
1,goldgoldgoldgoldgoldgoldgoldsilversilversilversilversilversilversilvereuro
7,goldgoldgoldgoldsilversilversilversilversilversilvereuroeuroeuroeuro
10,silversilvereuroeuroeuroeuro
6,goldgoldgoldgoldgoldsilversilversilversilversilvereuroeuroeuroeuroeuroeuroeuroeuroeuro
4,goldsilversilversilversilversilversilversilver
5,goldgoldgoldgoldgoldgoldgoldgoldgoldeuroeuroeuroeuroeuroeuroeuroeuro
10,goldgoldgoldgoldgoldgoldgoldgoldgoldsilversilversilversilversilversilversilversilvereuro
8,goldgoldgoldgoldgoldgoldgoldgoldsilversilversilversilversilversilvereuroeuroeuroeuroeuro
10,goldgoldgoldgoldgoldgoldgoldgoldeuroeuroeuroeuroeuroeuroeuroeuroeuro
6,goldgoldgoldgoldgoldgoldgoldgoldsilversilvereuroeuro
6,goldgoldgoldgoldgoldgoldgoldsilversilversilversilversilversilversilvereuro
9,goldeuroeuroeuroeuro
5,goldgoldgoldgoldgoldsilversilversilvereuroeuroeuroeuroeuro
5,goldgoldgoldgoldgoldsilversilversilvereuroeuroeuroeuroeuroeuroeuro
2,goldsilversilversilversilversilversilversilversilversilvereuroeuroeuro
7,silversilversilversilversilvereuro
10,goldgoldgoldgoldgoldgoldgoldgoldgoldsilversilversilversilversilversilvereuroeuroeuroeuroeuroeuroeuroeuro
2,goldgoldgoldsilversilversilversilversilversilversilversilversilvereuroeuro
6,goldsilversilversilversilver
8,goldgoldgoldsilvereuroeuroeuroeuroeuro
6,goldgoldgoldsilversilversilversilversilversilvereuroeuroeuroeuroeuroeuroeuro
10,goldgoldgoldgoldgoldsilversilversilversilvereuroeuroeuroeuroeuroeuroeuroeuroeuro
7,goldgoldsilversilversilversilversilversilversilversilvereuroeuroeuro
6,goldgoldgoldgoldgoldgoldgoldgoldgoldsilversilversilversilversilversilvereuroeuroeuroeuro
1,goldsilversilversilvereuroeuroeuroeuroeuro
5,goldgoldgoldgoldgoldgoldgoldgoldgoldsilversilversilversilversilversilversilversilversilvereuroeuroeuroeuroeuroeuroeuroeuro
9,goldgoldgoldgoldgoldgoldgoldsilversilversilversilversilversilversilvereuroeuroeuroeuroeuroeuroeuroeuro
4,goldgoldsilversilversilversilversilversilversilversilversilvereuroeuroeuroeuroeuroeuroeuro
3,goldgoldgoldgoldgoldgoldsilversilvereuroeuroeuroeuroeuroeuroeuroeuro
5,goldgoldgoldgoldsilvereuroeuroeuroeuroeuroeuro
8,goldgoldsilversilversilversilversilversilvereuroeuroeuroeuroeuroeuro
5,goldgoldsilversilversilvereuroeuroeuroeuroeuroeuroeuroeuro
6,goldsilversilvereuroeuroeuroeuroeuroeuroeuro
6,goldgoldgoldgoldgoldgoldgoldgoldsilversilversilversilvereuro
10,silversilvereuroeuroeuroeuroeuroeuroeuroeuroeuro
4,goldsilversilversilversilversilversilversilversilvereuro
8,goldgoldgoldgoldgoldgoldgoldgoldsilvereuroeuroeuroeuroeuroeuroeuroeuroeuro
8,goldgoldgoldgoldgoldsilversilversilversilversilversilversilversilversilvereuroeuro
1,euroeuroeuroeuroeuro
3,goldgoldsilversilversilversilversilvereuroeuroeuroeuroeuroeuro
9,goldgoldgoldgoldsilversilversilversilvereuroeuroeuroeuroeuro
7,goldsilversilversilversilversilvereuro
1,goldgoldgoldgoldsilversilversilversilversilver
10,goldgoldsilversilversilversilversilvereuroeuroeuroeuroeuro
9,goldeuroeuroeuroeuroeuroeuroeuroeuro
4,goldgoldgoldgoldgoldgoldgoldgoldgoldsilversilversilversilversilversilversilversilvereuroeuroeuroeuroeuroeuroeuroeuroeuro
2,goldgoldgoldsilversilvereuroeuroeuroeuroeuroeuroeuroeuro
7,goldgoldgoldgoldgoldgoldgoldgoldsilvereuroeuro
5,goldgoldgoldsilversilversilversilversilver
3,goldgoldgoldgoldgoldgoldgoldsilversilversilversilversilversilversilvereuroeuroeuro
8,silversilversilvereuroeuroeuroeuro
2,goldgoldgoldgoldgoldgoldgoldgoldgoldsilversilversilversilversilversilversilversilversilvereuroeuroeuroeuro
6,goldgoldgoldgoldgoldgoldgoldsilversilversilversilvereuroeuroeuroeuroeuroeuro
7,goldgoldgoldgoldgoldsilvereuroeuroeuroeuroeuroeuroeuro
8,goldgoldgoldgoldgoldsilversilversilversilversilver
1,goldgoldgoldgoldsilversilversilversilversilvereuroeuroeuroeuro
8,goldgoldgoldsilversilvereuroeuroeuroeuroeuro
9,goldgoldgoldsilversilversilversilversilvereuroeuroeuroeuro
8,goldsilversilversilversilversilversilvereuroeuroeuroeuro
6,goldgoldgoldgoldgoldgoldgoldgoldsilversilversilversilversilvereuroeuroeuro
9,goldgoldgoldgoldgoldgoldgoldsilversilversilversilversilversilvereuro
2,goldgoldgoldgoldgoldgoldsilversilversilversilversilvereuroeuroeuroeuroeuro
2,goldgoldgoldgoldsilversilversilversilversilversilver
10,goldgoldgoldgoldgoldsilversilversilversilvereuroeuroeuroeuro
7,goldgoldgoldgoldgoldgoldsilversilversilversilversilversilvereuroeuroeuroeuroeuroeuro
9,goldgoldgoldgoldgoldsilversilversilversilversilvereuroeuroeuroeuroeuroeuroeuro
8,goldgoldgoldgoldgoldgoldsilversilversilversilversilversilver
1,goldgoldgoldsilversilversilversilversilvereuro
7,goldgoldgoldgoldgoldgoldsilversilversilversilversilversilversilversilversilvereuroeuroeuroeuroeuroeuroeuro
7,goldgoldgoldgoldgoldgoldgoldsilversilversilversilvereuroeuroeuroeuroeuroeuro
1,goldsilversilversilversilversilversilversilversilvereuroeuroeuroeuro
2,goldgoldgoldgoldsilversilversilversilversilversilver
6,goldsilversilversilversilversilversilversilversilversilvereuroeuroeuroeuroeuroeuroeuroeuro
10,goldgoldgoldgoldgoldgoldsilversilversilversilversilvereuro
7,goldgoldgoldgoldgoldsilversilversilversilvereuroeuroeuroeuroeuro
10,goldgoldgoldgoldgoldsilversilversilvereuro
6,goldgoldgoldgoldgoldgoldgoldgoldgoldeuroeuroeuroeuroeuroeuroeuroeuroeuro
10,goldgoldsilversilvereuroeuroeuroeuro
10,goldgoldgoldgoldgoldgoldgoldgoldgoldsilversilversilversilversilversilversilvereuroeuroeuroeuroeuroeuroeuroeuro
7,goldgoldgoldgoldgoldsilvereuroeuroeuroeuroeuroeuro
4,goldgoldgoldgoldgoldgoldgoldgoldsilversilversilversilversilvereuroeuroeuroeuroeuroeuro
9,goldgoldgoldgoldgoldsilversilversilversilversilversilversilversilversilvereuroeuro
7,goldgoldgoldgoldsilvereuroeuroeuroeuroeuroeuroeuroeuro
7,goldgoldgoldgoldsilvereuro
10,goldgoldgoldgoldsilversilvereuroeuroeuroeuro
7,goldgoldsilversilversilver
10,goldeuroeuroeuroeuroeuro
3,goldgoldgoldgoldgoldgoldsilversilversilversilvereuroeuroeuroeuroeuro
3,goldgoldgoldgoldgoldsilversilversilver
1,goldgoldgoldgoldgoldgoldgoldgoldsilversilvereuroeuro
9,goldgoldgoldgoldgoldgoldgoldsilversilversilversilversilversilversilversilvereuroeuroeuroeuroeuroeuroeuro
6,goldgoldgoldgoldgoldsilversilversilversilvereuroeuroeuroeuroeuroeuroeuroeuroeuro
10,goldgoldgoldgoldgoldgoldgoldsilversilversilversilversilversilver
5,silversilversilversilversilvereuroeuroeuro
3,goldgoldgoldgoldsilversilversilversilversilvereuroeuroeuroeuroeuroeuroeuro
10,silversilversilversilversilversilversilversilversilvereuro
2,goldgoldgoldsilversilversilversilvereuroeuroeuroeuroeuroeuro
2,goldgoldgoldgoldgoldgoldgoldsilversilversilversilversilversilversilversilvereuroeuroeuro
9,goldsilversilversilversilversilversilversilvereuroeuroeuroeuroeuroeuro
10,silversilversilversilversilversilversilversilversilver
5,silversilversilversilversilversilversilversilver
8,silversilversilversilversilversilversilvereuroeuroeuroeuro
6,goldgoldgoldgoldgoldgoldgoldgoldsilversilversilvereuroeuro
8,goldgoldgoldgoldgoldgoldgoldgoldsilvereuroeuroeuroeuro
3,goldgoldsilversilversilvereuroeuroeuroeuroeuroeuroeuroeuro
7,goldgoldsilversilversilversilversilvereuroeuroeuroeuroeuroeuroeuro
7,goldgoldgoldgoldgoldgoldgoldgoldsilversilversilversilversilversilver
4,goldsilversilversilversilversilvereuroeuro
2,goldeuroeuroeuro
9,goldgoldgoldgoldgoldgoldgoldgoldgoldsilversilversilversilversilver
9,goldgoldgoldsilversilversilversilversilversilvereuroeuroeuroeuroeuro
7,goldgoldgoldgoldgoldgoldgoldgoldsilversilvereuroeuro
4,goldgoldgoldgoldgoldgoldsilversilversilversilversilversilversilversilversilvereuroeuroeuroeuroeuroeuro
7,goldgoldgoldgoldgoldgoldsilversilversilversilversilversilversilversilvereuroeuroeuro
2,goldgoldgoldsilversilversilvereuroeuro
5,euroeuro
5,goldgoldgoldgoldgoldgoldgoldgoldsilversilversilversilversilversilversilversilversilvereuroeuroeuroeuroeuro
1,goldgoldgoldgoldgoldgoldgoldgoldsilversilversilvereuroeuro
7,goldgoldgoldgoldsilversilvereuroeuro
10,goldgoldgoldgoldgoldgoldgoldgoldsilversilversilversilversilversilversilvereuroeuroeuro
9,goldgoldgoldgoldsilversilvereuro
1,goldgoldgoldsilversilversilversilversilvereuroeuroeuroeuroeuroeuroeuro
2,goldgoldgoldgoldgoldgoldsilversilversilversilversilvereuroeuroeuro
4,goldgoldgoldgoldgoldgoldsilvereuroeuroeuroeuroeuroeuro
9,goldgoldgoldgoldgoldgoldgoldgoldsilversilversilversilversilversilversilversilvereuro
2,goldgoldgoldgoldsilversilversilversilversilvereuroeuroeuroeuroeuro
6,goldgoldgoldgoldgoldsilversilvereuroeuroeuroeuroeuroeuroeuroeuroeuro
4,silversilversilversilvereuro
3,goldgoldgoldgoldgoldgoldsilvereuroeuroeuro
3,goldgoldgoldgoldgoldgoldsilversilvereuroeuroeuroeuroeuroeuroeuroeuroeuro
2,goldgoldgoldgoldgoldgoldgoldgoldgoldsilversilversilvereuroeuroeuroeuroeuroeuroeuroeuro
6,goldgoldgoldgoldgoldsilversilversilversilvereuroeuroeuroeuroeuroeuroeuroeuroeuro
6,goldgoldgoldgoldeuroeuroeuroeuro
3,goldgoldgoldgoldgoldsilversilversilversilversilversilversilversilversilvereuroeuroeuroeuroeuroeuroeuroeuro
4,goldgoldgoldgoldgoldgoldgoldgoldsilversilversilversilversilvereuroeuro
8,goldgoldsilversilvereuroeuroeuroeuroeuroeuroeuro
5,goldgoldgoldgoldgoldgoldgoldeuroeuro
4,goldgoldgoldsilversilversilversilvereuroeuroeuroeuro
3,goldgoldgoldgoldsilvereuroeuroeuroeuroeuroeuro
1,goldgoldsilversilversilversilversilvereuroeuroeuroeuroeuroeuro
1,goldgoldgoldgoldsilversilvereuroeuroeuroeuro
3,goldgoldgoldgoldgoldgoldsilversilversilversilversilversilversilver
4,goldgoldgoldgoldsilversilversilversilversilversilversilversilversilvereuroeuroeuroeuro
10,goldgoldgoldgoldgoldgoldsilversilversilversilversilversilversilvereuroeuroeuro
5,goldsilversilversilversilversilversilvereuroeuroeuroeuroeuro
5,silversilversilversilversilversilversilversilvereuroeuroeuroeuroeuroeuroeuro
8,goldgoldgoldgoldgoldgoldgoldgoldsilversilvereuroeuroeuroeuro
2,goldgoldgoldgoldgoldgoldgoldsilversilversilvereuroeuroeuroeuroeuroeuroeuroeuroeuro
2,goldgoldgoldgoldgoldgoldgoldgoldgoldsilversilversilversilversilversilversilvereuroeuroeuroeuroeuroeuroeuro
2,goldgoldgoldgoldgoldgoldgoldsilversilversilversilversilversilversilversilvereuroeuroeuroeuroeuro
10,goldgoldgoldgoldgoldgoldeuroeuroeuroeuroeuroeuroeuro
4,goldgoldsilversilversilversilversilversilversilversilvereuroeuroeuroeuro
7,goldgoldgoldgoldgoldgoldgoldgoldsilversilversilversilversilvereuroeuroeuroeuroeuroeuroeuroeuroeuro
7,goldgoldeuroeuroeuroeuroeuro
8,goldsilvereuroeuroeuroeuroeuro
3,goldgoldgoldgoldgoldgoldgoldgoldgoldeuro
3,goldgoldeuroeuroeuroeuroeuroeuro
5,silversilversilversilversilversilversilvereuroeuroeuroeuroeuroeuro
2,goldgoldgoldgoldgoldgoldsilvereuroeuroeuroeuroeuroeuro
1,goldgoldgoldgoldeuroeuroeuroeuroeuro
7,goldgoldgoldgoldsilversilversilversilversilversilversilversilversilver
7,goldgoldgoldgoldgoldgoldgoldsilversilversilversilvereuroeuroeuroeuroeuro
2,euroeuroeuroeuro
2,euroeuroeuroeuro
7,goldgoldgoldgoldsilversilvereuroeuro
3,goldgoldgoldgoldgoldsilversilversilversilversilversilversilvereuroeuroeuroeuroeuroeuroeuroeuroeuro
8,goldgoldgoldgoldgoldgoldgoldgoldsilversilversilversilversilversilvereuro
10,goldgoldeuroeuroeuroeuroeuro
6,goldgoldgoldgoldgoldgoldgoldsilversilversilvereuroeuroeuroeuroeuro
4,goldgoldgoldgoldgoldgoldgoldgoldgoldsilversilversilversilversilversilversilversilversilvereuroeuroeuroeuro
1,goldgoldgoldgoldgoldgoldgoldgoldsilvereuroeuroeuroeuroeuroeuro
9,silversilversilversilversilversilvereuroeuro
3,euroeuroeuroeuroeuroeuroeuroeuroeuro
6,goldeuro
8,goldgoldgoldgoldgoldgoldgoldgoldgoldsilversilvereuroeuroeuroeuroeuroeuroeuroeuroeuro
7,goldgoldgoldgoldsilvereuroeuroeuroeuroeuroeuroeuroeuroeuro
3,goldgoldgoldgoldgoldgoldgoldsilversilversilversilversilversilvereuroeuroeuroeuroeuroeuroeuroeuroeuro
9,goldgoldgoldgoldgoldgoldgoldsilversilversilversilversilversilversilvereuro
4,euroeuro
10,goldgoldgoldsilversilversilversilversilversilversilvereuroeuroeuroeuroeuroeuroeuroeuroeuro
2,silversilversilversilversilversilver
6,silversilversilversilversilvereuroeuroeuroeuroeuroeuroeuroeuro
2,goldsilversilversilver
10,goldgoldgoldgoldgoldgoldgoldgoldgoldsilversilversilvereuro
3,goldgoldgoldgoldgoldgoldsilversilversilversilversilversilversilversilversilvereuroeuroeuro
7,goldsilvereuroeuroeuroeuroeuroeuroeuro
3,goldsilversilversilvereuroeuroeuroeuroeuroeuroeuroeuroeuro
2,goldgoldgoldsilversilversilversilversilversilversilvereuroeuro
9,goldgoldgoldgoldgoldgoldgoldgoldgoldsilvereuroeuroeuroeuro
3,goldsilversilversilversilversilversilversilvereuroeuroeuro
1,goldgoldgoldgoldsilversilversilversilvereuroeuroeuroeuro
2,goldgoldgoldgoldgoldgoldgoldsilversilversilversilversilversilvereuroeuroeuroeuroeuroeuro
8,silversilversilversilversilversilvereuroeuroeuroeuroeuro
7,goldgoldgoldgoldgoldgoldeuroeuroeuroeuroeuro
7,silversilversilversilversilversilvereuroeuroeuroeuroeuro
10,goldgoldsilversilversilversilversilvereuroeuroeuro
7,goldgoldgoldgoldgoldgoldgoldgoldsilvereuro
2,goldgoldgoldsilversilversilversilversilversilversilversilvereuroeuroeuroeuroeuroeuroeuro
5,goldgoldgoldgoldgoldsilversilversilversilversilversilvereuroeuroeuro
4,silversilversilvereuroeuroeuroeuroeuroeuroeuro
10,goldgoldgoldgoldeuroeuroeuroeuroeuro
6,goldeuroeuroeuroeuroeuroeuroeuro
7,goldgoldgoldgoldgoldgoldgoldsilversilvereuroeuroeuroeuroeuroeuroeuroeuro
9,goldgoldgoldgoldgoldgoldsilversilversilversilversilversilversilvereuroeuroeuroeuroeuro
1,silversilversilversilversilversilversilvereuroeuroeuroeuro
7,goldgoldgoldgoldgoldgoldgoldgoldgoldsilversilversilversilversilversilversilvereuroeuroeuroeuroeuroeuroeuroeuro
3,goldeuroeuroeuroeuroeuroeuroeuroeuroeuro
4,goldgoldgoldgoldgoldgoldsilversilversilversilvereuroeuroeuroeuroeuro
1,goldsilversilversilversilversilvereuroeuroeuroeuroeuroeuro
6,goldgoldgoldgoldgoldgoldsilversilversilversilversilversilversilversilvereuroeuroeuro
5,goldgoldgoldgoldgoldgoldgoldsilversilvereuroeuroeuroeuroeuroeuroeuroeuro
3,goldgoldgoldgoldgoldgoldgoldsilversilversilversilversilversilversilvereuro
1,goldgoldgoldgoldgoldgoldgoldgoldeuroeuroeuro
3,goldgoldgoldgoldgoldgoldgoldgoldsilversilversilversilversilvereuroeuroeuroeuroeuroeuro
2,goldgoldgoldsilversilversilversilversilversilversilversilversilvereuroeuroeuroeuroeuroeuroeuro
7,goldgoldgoldgoldgoldsilversilversilversilversilversilvereuroeuro
8,goldsilversilversilvereuroeuroeuroeuroeuro
9,goldgoldgoldgoldgoldgoldgoldgoldsilversilversilvereuroeuroeuroeuroeuroeuro
3,goldgoldgoldgoldsilversilversilvereuroeuroeuroeuroeuro
6,goldgoldgoldsilversilversilversilversilversilversilvereuroeuroeuroeuroeuroeuro
1,goldgoldgoldgoldgoldgoldgoldgoldgoldeuroeuroeuroeuroeuro
5,goldgoldgoldgoldsilversilversilversilversilvereuroeuro
2,goldgoldgoldgoldgoldgoldsilversilversilversilversilversilversilversilvereuroeuroeuroeuroeuroeuroeuroeuro
10,silversilversilversilver
4,goldgoldgoldsilversilversilversilvereuroeuroeuroeuroeuroeuroeuro
9,goldgoldsilversilversilversilvereuroeuroeuroeuro
3,goldgoldeuroeuroeuroeuroeuroeuro
4,goldgoldgoldgoldgoldgoldgoldsilversilversilversilversilversilvereuroeuroeuroeuroeuro
8,goldgoldgoldgoldsilversilversilvereuroeuroeuroeuroeuroeuroeuro
8,goldgoldgoldgoldsilversilversilversilversilversilversilversilversilvereuroeuroeuroeuro
7,goldgoldgoldgoldgoldsilversilversilversilversilversilversilversilvereuro
8,goldgoldgoldgoldgoldgoldgoldgoldgoldsilversilvereuroeuroeuroeuroeuroeuroeuroeuroeuro
4,goldsilversilversilversilvereuroeuroeuroeuroeuroeuroeuroeuro
2,goldsilversilversilvereuroeuroeuroeuroeuro
3,goldgoldsilversilversilversilvereuroeuroeuroeuroeuroeuroeuroeuro
1,goldgoldgoldgoldgoldgoldgoldsilversilversilversilversilversilversilversilvereuroeuro
8,goldgoldgoldgoldgoldgoldsilversilvereuroeuroeuroeuroeuroeuroeuro
10,goldgoldgoldgoldgoldgoldsilversilversilversilversilversilversilversilvereuroeuroeuroeuroeuroeuro
4,goldsilversilversilversilversilversilversilvereuroeuroeuroeuroeuroeuroeuro
3,silversilversilversilversilversilversilversilversilvereuroeuroeuroeuroeuroeuroeuro
1,goldgoldgoldgoldgoldgoldgoldgoldgoldsilversilversilversilversilversilversilvereuroeuroeuro
5,silversilversilversilvereuroeuroeuro
9,goldgoldgoldgoldgoldsilversilversilversilversilversilversilversilvereuroeuroeuro
8,goldgoldeuroeuro
2,goldgoldgoldgoldgoldsilversilversilversilversilvereuroeuroeuroeuroeuroeuroeuroeuro
2,silversilversilversilversilvereuroeuroeuroeuroeuroeuroeuroeuroeuro
3,goldgoldsilversilversilversilversilvereuroeuroeuroeuroeuro
10,goldgoldsilversilversilversilversilversilversilversilversilvereuroeuro
4,goldgoldgoldgoldgoldgoldgoldgoldsilversilversilversilver
1,goldgoldgoldgoldgoldgoldgoldsilversilversilversilversilversilversilvereuroeuroeuro
8,goldgoldgoldgoldsilvereuroeuroeuroeuroeuroeuroeuroeuro
5,silversilversilversilvereuroeuroeuroeuroeuroeuroeuroeuro
8,silversilversilversilvereuroeuroeuroeuroeuroeuroeuroeuro
8,goldsilversilversilversilversilversilversilversilvereuroeuroeuroeuroeuroeuro
8,silversilversilvereuroeuro
1,silvereuroeuroeuroeuro
3,goldgoldsilversilversilversilversilversilversilversilvereuroeuroeuroeuroeuroeuroeuro
9,goldgoldgoldsilversilversilversilversilversilvereuroeuroeuroeuroeuroeuroeuroeuroeuro
4,goldgoldgoldeuroeuroeuroeuroeuroeuroeuroeuroeuro
5,goldgoldgoldgoldgoldgoldgoldsilversilversilversilversilver
10,euroeuroeuro
8,goldgoldgoldsilversilversilvereuroeuroeuroeuroeuroeuroeuroeuro
10,goldgoldsilversilversilversilvereuroeuroeuroeuroeuroeuro
1,goldgoldgoldgoldgoldgoldsilversilversilversilversilversilversilversilvereuroeuroeuroeuroeuroeuroeuro
7,goldsilversilversilvereuroeuroeuroeuroeuroeuro
3,silversilver
7,goldsilversilversilversilversilversilversilvereuroeuroeuroeuro
10,goldgoldgoldgoldsilversilversilversilvereuroeuroeuro
8,goldgoldgoldsilversilversilvereuroeuro
6,silversilversilversilversilversilversilversilvereuroeuro
5,goldgoldgoldgoldgoldgoldgoldgoldsilversilversilversilversilversilversilversilversilvereuro
1,goldsilversilvereuroeuroeuro
8,goldgoldgoldgoldgoldgoldgoldgoldgoldsilversilversilversilversilvereuroeuroeuroeuroeuroeuro
1,goldgoldgoldgoldgoldeuroeuroeuro
4,silversilversilversilversilversilversilversilversilvereuroeuroeuroeuroeuroeuroeuro
6,silversilversilversilvereuroeuroeuroeuroeuroeuroeuroeuro
2,goldgoldgoldgoldgoldgoldgoldgoldgoldsilversilversilversilvereuroeuroeuro
6,goldgoldgoldsilversilversilversilvereuroeuroeuroeuroeuroeuro
5,goldgoldgoldgoldgoldgoldgoldsilversilversilvereuroeuroeuroeuro
6,goldgoldgoldgoldgoldsilversilversilversilver
7,goldgoldgoldgoldsilversilversilversilvereuro
3,goldgoldsilversilversilversilversilversilversilversilvereuroeuroeuroeuro
2,goldgoldgoldsilversilversilversilversilvereuroeuroeuroeuroeuroeuro
6,goldgoldgoldeuroeuro
1,goldgoldgoldsilvereuroeuroeuroeuroeuroeuroeuroeuro
9,silvereuroeuroeuro
6,goldgoldgoldgoldgoldgoldgoldgoldgoldsilvereuroeuroeuroeuroeuroeuroeuroeuroeuro
6,euro
2,goldgoldgoldgoldgoldgoldgoldgoldgoldsilversilversilversilversilversilversilvereuroeuroeuroeuroeuroeuroeuroeuroeuro
7,goldgoldgoldgoldgoldgoldgoldgoldgoldsilversilversilversilversilversilvereuroeuroeuroeuroeuroeuroeuroeuroeuro
6,goldgoldgoldgoldgoldgoldgoldgoldgoldsilversilversilversilversilversilversilversilversilvereuroeuro
6,goldgoldgoldgoldgoldgoldsilversilversilvereuroeuroeuroeuroeuroeuroeuroeuroeuro
8,goldgoldgoldgoldgoldsilversilversilvereuroeuroeuroeuroeuroeuroeuroeuro
6,goldgoldgoldsilversilversilversilvereuroeuroeuroeuroeuroeuroeuro
2,goldgoldgoldgoldsilversilversilversilversilversilvereuroeuroeuroeuroeuroeuroeuro
8,goldsilversilversilversilversilversilversilversilversilvereuroeuroeuroeuroeuroeuro
6,goldgoldgoldgoldgoldgoldgoldgoldgoldsilversilvereuroeuroeuroeuro
7,silversilversilversilversilvereuroeuroeuroeuroeuro
8,goldgoldgoldgoldgoldgoldgoldgoldsilvereuroeuroeuroeuroeuroeuro
7,goldgoldgoldgoldgoldgoldgoldsilvereuroeuroeuro
4,goldgoldgoldgoldgoldgoldsilvereuroeuroeuroeuroeuroeuroeuroeuroeuro
5,goldgoldgoldgoldsilvereuroeuro
7,goldgoldgoldgoldgoldgoldeuro
5,goldsilvereuroeuroeuroeuroeuro
5,goldgoldsilversilversilversilversilversilversilversilvereuroeuroeuro
7,goldgoldgoldgoldgoldgoldgoldgoldsilversilversilversilversilversilversilversilversilver
10,goldgoldgoldgoldsilversilvereuroeuroeuroeuro
7,goldgoldgoldgoldgoldgoldgoldgoldsilversilversilversilvereuroeuroeuroeuroeuroeuro
3,goldgoldgoldeuroeuroeuroeuroeuroeuroeuroeuro
10,goldgoldgoldgoldgoldgoldeuroeuroeuroeuroeuroeuroeuroeuroeuro
4,silvereuroeuroeuroeuroeuro
10,goldgoldgoldgoldsilversilversilvereuroeuroeuroeuroeuroeuroeuroeuro
3,goldgoldgoldsilversilversilversilversilversilversilversilversilvereuroeuro
10,goldgoldgoldsilvereuroeuroeuroeuroeuroeuroeuro
4,goldgoldgoldgoldgoldsilversilversilversilversilversilvereuroeuroeuroeuroeuro
3,goldgoldsilversilversilversilversilversilversilversilversilvereuroeuroeuroeuroeuroeuroeuro
6,goldgoldgoldgoldgoldgoldgoldsilversilversilversilversilversilversilvereuroeuroeuroeuroeuroeuro
10,goldgoldgoldgoldgoldgoldsilvereuroeuroeuroeuro
7,goldsilversilversilversilvereuroeuroeuroeuro
9,goldgoldgoldgoldgoldgoldgoldgoldgoldsilversilversilversilversilvereuroeuro
7,goldgoldgoldgoldgoldsilversilversilversilversilversilversilversilversilver
2,goldgoldgoldgoldgoldgoldsilversilversilversilversilvereuroeuroeuro
3,goldgoldgoldgoldgoldgoldgoldsilvereuroeuroeuroeuroeuroeuro
10,goldgoldgoldgoldgoldgoldeuroeuroeuroeuroeuroeuroeuroeuroeuro
1,goldsilversilversilversilversilvereuroeuro
6,goldgoldgoldgoldgoldsilversilversilversilversilversilvereuroeuroeuroeuroeuroeuro
10,euroeuroeuroeuroeuroeuro
3,goldgoldgoldgoldgoldgoldgoldgoldsilversilversilvereuroeuroeuro
1,goldgoldgoldgoldgoldgoldsilversilversilvereuroeuroeuroeuroeuroeuroeuro
9,goldgoldsilvereuro
6,goldgoldgoldgoldsilversilversilversilversilversilvereuroeuroeuroeuroeuroeuroeuro
4,silversilversilversilversilversilversilvereuro
1,goldgoldgoldgoldgoldgoldsilversilversilversilversilversilversilversilversilvereuroeuro
9,goldgoldgoldgoldgoldgold
7,goldgoldgoldgoldgoldgoldgoldgoldgoldsilversilversilversilversilvereuroeuroeuroeuroeuroeuro
5,goldgoldgoldgoldgoldgoldsilversilversilversilversilversilversilversilvereuroeuroeuroeuro
6,goldgoldgoldgoldgoldsilversilversilversilversilversilversilversilvereuroeuroeuro
2,silvereuroeuro
6,silversilvereuroeuro
1,silvereuroeuroeuroeuroeuroeuro
3,goldsilversilversilversilversilversilversilvereuro
10,goldgoldsilversilvereuroeuroeuroeuroeuroeuro
6,goldgoldgoldgoldgoldgoldsilversilversilversilversilversilversilversilversilvereuroeuroeuroeuroeuroeuroeuro
3,goldgoldgoldgoldgoldgoldgoldsilversilversilversilversilversilvereuroeuroeuroeuroeuroeuro
9,goldgoldgoldgoldgoldgoldgoldgoldsilversilversilversilversilversilver
3,goldgoldgoldgoldgoldgoldgoldeuroeuroeuroeuroeuroeuroeuroeuroeuro
2,goldgoldgoldgoldgoldgoldgoldsilversilversilversilversilvereuroeuroeuroeuroeuro
9,silver
10,goldgoldgoldgoldgoldgoldgoldgoldsilvereuroeuroeuroeuroeuroeuroeuro
7,goldsilversilversilvereuroeuroeuroeuroeuroeuroeuroeuroeuro
4,goldgoldgoldgoldgoldsilversilversilversilversilvereuro
10,goldgoldgoldgoldgoldgoldgoldgoldsilversilversilversilvereuroeuroeuro
9,goldgoldeuroeuroeuro
3,goldgoldgoldgoldsilversilversilversilversilvereuroeuroeuroeuro
2,goldgoldsilversilversilversilversilversilversilversilvereuroeuro
1,goldgoldgoldgoldsilversilversilversilversilversilversilversilversilvereuroeuroeuroeuroeuroeuroeuro
8,goldgoldgoldgoldgoldgoldsilversilvereuroeuro
4,goldgoldgoldsilversilversilversilversilversilversilversilversilvereuroeuroeuroeuroeuroeuroeuroeuro
7,goldgoldgoldgoldgoldgoldgoldsilversilversilversilvereuroeuroeuroeuroeuro
5,goldgoldgoldgoldgoldgoldgoldgoldsilvereuroeuroeuroeuro
2,goldgoldgoldgoldsilversilvereuroeuroeuroeuroeuroeuroeuro
4,silversilvereuroeuro
1,goldsilversilversilversilversilversilversilvereuroeuroeuroeuroeuro
6,goldgoldgoldgoldsilversilversilversilvereuroeuroeuro
4,goldgoldgoldgoldgoldsilversilvereuroeuroeuroeuroeuroeuroeuroeuro
5,goldgoldgoldgoldgoldgoldsilversilvereuroeuroeuroeuroeuro
3,goldgoldgoldsilversilversilversilversilversilversilver
10,goldgoldgoldgoldsilversilversilversilversilversilversilvereuroeuroeuroeuroeuroeuroeuro
4,goldgoldgoldgoldgoldgoldgoldgoldgoldeuro
7,goldgoldgoldgoldgoldgoldgoldsilversilversilversilversilversilversilvereuroeuroeuroeuroeuroeuroeuro
4,goldgoldgoldgoldgoldgoldgoldsilversilversilversilversilversilversilversilversilver
6,goldgoldgoldgoldgoldgoldgoldgoldgoldsilversilversilversilversilvereuro
2,goldgoldgoldgoldgoldgoldsilvereuroeuroeuroeuroeuroeuroeuro
5,goldsilversilversilvereuroeuroeuroeuroeuro
7,goldgoldgoldsilversilversilversilvereuroeuroeuro
5,goldgoldgoldgoldgoldgoldgoldgoldsilversilversilvereuroeuro
8,goldgoldgoldgoldgoldgoldgoldgoldsilversilversilversilversilvereuroeuro
2,goldgoldgoldgoldgoldgoldgoldsilversilversilversilvereuroeuroeuroeuro
8,goldgoldgoldgoldgoldgoldsilversilversilvereuroeuroeuroeuro
3,goldgoldgoldgoldgoldgoldgoldgoldgoldsilvereuroeuroeuroeuro
10,goldgoldgoldgoldsilversilversilversilversilversilversilvereuroeuroeuroeuroeuro
10,goldgoldgoldgoldgoldgoldgoldgoldgoldeuroeuroeuroeuroeuro
5,goldgoldsilversilversilversilvereuroeuroeuroeuro
9,goldgoldgoldsilversilversilversilversilversilversilversilversilvereuro
6,goldgoldgoldgoldgoldgoldgoldgoldsilversilversilvereuroeuroeuroeuroeuroeuro
3,goldgoldgoldgoldgoldgoldgoldgoldgoldsilversilversilversilversilversilversilversilversilvereuro
8,goldgoldgoldgoldgoldgoldgoldsilversilversilversilversilversilversilversilvereuroeuroeuroeuroeuro
3,goldgoldgoldgoldgoldeuroeuroeuro
2,goldgoldgoldgoldsilversilversilversilversilversilversilvereuroeuroeuroeuroeuroeuroeuroeuro
6,goldgoldgoldsilversilvereuroeuroeuroeuroeuroeuro
1,goldgoldgoldgoldgoldgoldsilversilvereuroeuro
3,goldgoldgoldsilversilversilvereuroeuroeuro
1,goldgoldgoldgoldgoldgoldsilversilversilversilvereuroeuroeuroeuroeuroeuroeuroeuroeuro
10,goldgoldgoldgoldgoldeuroeuroeuroeuroeuroeuroeuroeuro
5,goldgoldgoldgoldgoldsilversilversilversilversilversilvereuroeuro
1,goldgoldgoldgoldgoldgoldgoldgoldeuroeuroeuro
8,goldgoldgoldgoldgoldsilversilversilversilversilversilversilver
1,goldgoldgoldgoldgoldgoldgoldgoldsilversilversilversilvereuroeuroeuroeuroeuro
4,goldgoldgoldsilvereuroeuroeuroeuro
4,goldgoldgoldsilversilversilversilversilversilvereuroeuroeuroeuroeuroeuro
5,goldgoldgoldgoldsilversilversilversilversilversilversilversilversilvereuroeuroeuro
2,silversilversilversilversilversilversilversilvereuroeuroeuroeuroeuro
10,goldgoldgoldgoldsilversilversilversilversilversilversilvereuroeuroeuroeuroeuroeuro
10,goldgoldgoldgoldsilversilversilversilvereuroeuroeuroeuroeuroeuro
2,goldgoldgoldgoldgoldgoldgoldgoldgoldsilversilversilversilversilversilversilvereuroeuroeuro
3,silversilversilversilvereuroeuroeuroeuroeuroeuroeuroeuroeuro
3,goldgoldgoldsilversilversilvereuroeuro